	PAM	PAM position	guide length	original	original position	rPAM	reverse complement	strand	is a reverse complement	guide+PAM sequence	guide sequence	PAM sequence	position of PAM ini	position of PAM end	distance of codon from PAM	codon: from pam search	guide sequence length	franking sequence	index	transcript: id	aminoacid: position	aminoacid: wild-type	codon: wild-type	id	pos control	amino acid mutation	method	codon	amino acid	position of mutation in codon	codon mutation	nucleotide	nucleotide mutation	mutation on strand	strand: mutation	codon mutation usage Fraction	codon mutation usage Frequency	nucleotide mutation: count	distance of mutation from PAM: minimum	distance of mutation from PAM: maximum	distance of codon start from PAM: minimum	distance of codon start from PAM: maximum	nucleotide: wild-type	nucleotide: mutation	position of mutation	position of mutation from PAM	distance of mutation from PAM	position of guide ini	position of guide end	activity sequence
0	NG	down	20	NG	down	[ATGC]G	CN	+	False	CAAAATATCACCTCCTACTTAG	CAAAATATCACCTCCTACTT	AG	42.0	43.0	21.0	ACA	20	GCAATAGCATTGGCGATACAAACAAAATATCACCTCCTACTTAGA	0	0_arrow:2069730-2069730+		T	ACA	0_arrow:2069730-2069730+|Target-AID|+|C:T|ACA:ATA	False	I	Target-AID	ACA	T	2.0	ATA	C	T	+ strand	+	0.28	18.279	1	16	20	16	23	C	T	22	-20	20	22	41	CAAAA
0	NG	down	20	NG	down	[ATGC]G	CN	+	False	TAAAGTGAACTTGCCACACATG	TAAAGTGAACTTGCCACACA	TG	24.0	25.0	3.0	ACA	20	AAAATAAAGTGAACTTGCCACACATGTTCATCATCCTTTAGGGTT	0	0_arrow:2204300-2204300+		T	ACA	0_arrow:2204300-2204300+|Target-AID|+|C:T|ACA:ATA	False	I	Target-AID	ACA	T	2.0	ATA	C	T	+ strand	+	0.28	18.279	1	16	20	16	23	C	T	22	-2	2	4	23	TAAAG
1	NG	down	20	NG	down	[ATGC]G	CN	+	False	ACACATGTTCATCATCCTTTAG	ACACATGTTCATCATCCTTT	AG	39.0	40.0	18.0	ACA	20	AAAATAAAGTGAACTTGCCACACATGTTCATCATCCTTTAGGGTT	0	0_arrow:2204300-2204300+		T	ACA	0_arrow:2204300-2204300+|Target-AID|+|C:T|ACA:ATA	False	I	Target-AID	ACA	T	2.0	ATA	C	T	+ strand	+	0.28	18.279	1	16	20	16	23	C	T	22	-17	17	19	38	ACACA
2	NG	down	20	NG	down	[ATGC]G	CN	+	False	CACATGTTCATCATCCTTTAGG	CACATGTTCATCATCCTTTA	GG	40.0	41.0	19.0	ACA	20	AAAATAAAGTGAACTTGCCACACATGTTCATCATCCTTTAGGGTT	0	0_arrow:2204300-2204300+		T	ACA	0_arrow:2204300-2204300+|Target-AID|+|C:T|ACA:ATA	False	I	Target-AID	ACA	T	2.0	ATA	C	T	+ strand	+	0.28	18.279	1	16	20	16	23	C	T	22	-18	18	20	39	CACAT
3	NG	down	20	NG	down	[ATGC]G	CN	+	False	ACATGTTCATCATCCTTTAGGG	ACATGTTCATCATCCTTTAG	GG	41.0	42.0	20.0	ACA	20	AAAATAAAGTGAACTTGCCACACATGTTCATCATCCTTTAGGGTT	0	0_arrow:2204300-2204300+		T	ACA	0_arrow:2204300-2204300+|Target-AID|+|C:T|ACA:ATA	False	I	Target-AID	ACA	T	2.0	ATA	C	T	+ strand	+	0.28	18.279	1	16	20	16	23	C	T	22	-19	19	21	40	ACATG
0	NG	down	20	NG	down	[ATGC]G	CN	+	False	TCCGACACCAAAAAACATCCTG	TCCGACACCAAAAAACATCC	TG	27.0	28.0	6.0	ACA	20	CCGCATGTCCGACACCAAAAAACATCCTGAGAATCCTCAGGATGC	0	0_arrow:2878931-2878931+		T	ACA	0_arrow:2878931-2878931+|Target-AID|+|C:T|ACA:ATA	False	I	Target-AID	ACA	T	2.0	ATA	C	T	+ strand	+	0.28	18.279	1	16	20	16	23	C	T	22	-5	5	7	26	TCCGA
1	NG	down	20	NG	down	[ATGC]G	CN	+	False	CGACACCAAAAAACATCCTGAG	CGACACCAAAAAACATCCTG	AG	29.0	30.0	8.0	ACA	20	CCGCATGTCCGACACCAAAAAACATCCTGAGAATCCTCAGGATGC	0	0_arrow:2878931-2878931+		T	ACA	0_arrow:2878931-2878931+|Target-AID|+|C:T|ACA:ATA	False	I	Target-AID	ACA	T	2.0	ATA	C	T	+ strand	+	0.28	18.279	1	16	20	16	23	C	T	22	-7	7	9	28	CGACA
2	NG	down	20	NG	down	[ATGC]G	CN	+	False	AAAACATCCTGAGAATCCTCAG	AAAACATCCTGAGAATCCTC	AG	38.0	39.0	17.0	ACA	20	CCGCATGTCCGACACCAAAAAACATCCTGAGAATCCTCAGGATGC	0	0_arrow:2878931-2878931+		T	ACA	0_arrow:2878931-2878931+|Target-AID|+|C:T|ACA:ATA	False	I	Target-AID	ACA	T	2.0	ATA	C	T	+ strand	+	0.28	18.279	1	16	20	16	23	C	T	22	-16	16	18	37	AAAAC
3	NG	down	20	NG	down	[ATGC]G	CN	+	False	AAACATCCTGAGAATCCTCAGG	AAACATCCTGAGAATCCTCA	GG	39.0	40.0	18.0	ACA	20	CCGCATGTCCGACACCAAAAAACATCCTGAGAATCCTCAGGATGC	0	0_arrow:2878931-2878931+		T	ACA	0_arrow:2878931-2878931+|Target-AID|+|C:T|ACA:ATA	False	I	Target-AID	ACA	T	2.0	ATA	C	T	+ strand	+	0.28	18.279	1	16	20	16	23	C	T	22	-17	17	19	38	AAACA
4	NG	down	20	NG	down	[ATGC]G	CN	+	False	CATCCTGAGAATCCTCAGGATG	CATCCTGAGAATCCTCAGGA	TG	42.0	43.0	21.0	ACA	20	CCGCATGTCCGACACCAAAAAACATCCTGAGAATCCTCAGGATGC	0	0_arrow:2878931-2878931+		T	ACA	0_arrow:2878931-2878931+|Target-AID|+|C:T|ACA:ATA	False	I	Target-AID	ACA	T	2.0	ATA	C	T	+ strand	+	0.28	18.279	1	16	20	16	23	C	T	22	-20	20	22	41	CATCC
0	NG	down	20	NG	down	[ATGC]G	CN	+	False	CCATTTTCATCTTCCTTTCTAG	CCATTTTCATCTTCCTTTCT	AG	41.0	42.0	20.0	CCA	20	ATAAAATCCAATCTTTCTCATCCATTTTCATCTTCCTTTCTAGTC	0	0_arrow:1515639-1515639-		P	CCA	0_arrow:1515639-1515639-|Target-AID|+|C:T|CCA:CTA	False	L	Target-AID	CCA	P	2.0	CTA	C	T	+ strand	+	0.14300000000000002	13.519	1	16	20	16	23	C	T	22	-19	19	21	40	CCATT
0	NG	down	20	NG	down	[ATGC]G	CN	+	False	TCCGCTGTAGAATCCCATATTG	TCCGCTGTAGAATCCCATAT	TG	27.0	28.0	6.0	CCA	20	CAGAATATCCGCTGTAGAATCCCATATTGCCACCTCCTTTAGTAA	0	0_arrow:2092293-2092293+		P	CCA	0_arrow:2092293-2092293+|Target-AID|+|C:T|CCA:CTA	False	L	Target-AID	CCA	P	2.0	CTA	C	T	+ strand	+	0.14300000000000002	13.519	1	16	20	16	23	C	T	22	-5	5	7	26	TCCGC
1	NG	down	20	NG	down	[ATGC]G	CN	+	False	CCCATATTGCCACCTCCTTTAG	CCCATATTGCCACCTCCTTT	AG	40.0	41.0	19.0	CCA	20	CAGAATATCCGCTGTAGAATCCCATATTGCCACCTCCTTTAGTAA	0	0_arrow:2092293-2092293+		P	CCA	0_arrow:2092293-2092293+|Target-AID|+|C:T|CCA:CTA	False	L	Target-AID	CCA	P	2.0	CTA	C	T	+ strand	+	0.14300000000000002	13.519	1	16	20	16	23	C	T	22	-18	18	20	39	CCCAT
