	method	codon	amino acid	position of mutation in codon	codon mutation	nucleotide	nucleotide mutation	amino acid mutation	mutation on strand	strand: mutation	codon mutation usage Fraction	codon mutation usage Frequency	nucleotide mutation: count	distance of mutation from PAM: minimum	distance of mutation from PAM: maximum	distance of codon start from PAM: minimum	distance of codon start from PAM: maximum	nucleotide: wild-type	nucleotide: mutation	strand
2	Target-AID	ACA	T	2.0	ATA	C	T	I	+ strand	+	0.28	18.279	1	16	20	16	23	C	T	+
4	Target-AID	ACC	T	2.0	ATC	C	T	I	+ strand	+	0.26	16.983	1	16	20	16	23	C	T	+
6	Target-AID	ACG	T	2.0	ATG	C	T	M	+ strand	+	1.0	20.671	1	16	20	16	23	C	T	+
7	Target-AID	ACT	T	2.0	ATT	C	T	I	+ strand	+	0.46	30.095	1	16	20	16	23	C	T	+
8	Target-AID	AGA	R	2.0	AAA	C	T	K	- strand	-	0.584	42.797	1	16	20	16	23	G	A	-
9	Target-AID	AGC	S	2.0	AAC	C	T	N	- strand	-	0.404	24.79	1	16	20	16	23	G	A	-
12	Target-AID	AGG	R	2.0	AAG	C	T	K	- strand	-	0.416	30.533	1	16	20	16	23	G	A	-
13	Target-AID	AGT	S	2.0	AAT	C	T	N	- strand	-	0.596	36.603	1	16	20	16	23	G	A	-
20	Target-AID	CCA	P	2.0	CTA	C	T	L	+ strand	+	0.14300000000000002	13.519	1	16	20	16	23	C	T	+
22	Target-AID	CCC	P	2.0	CTC	C	T	L	+ strand	+	0.058	5.521	1	16	20	16	23	C	T	+
26	Target-AID	CCG	P	2.0	CTG	C	T	L	+ strand	+	0.112	10.658	1	16	20	16	23	C	T	+
29	Target-AID	CCT	P	2.0	CTT	C	T	L	+ strand	+	0.129	12.257	1	16	20	16	23	C	T	+
30	Target-AID	CGA	R	2.0	CAA	C	T	Q	- strand	-	0.6859999999999999	27.103	1	16	20	16	23	G	A	-
31	Target-AID	CGC	R	2.0	CAC	C	T	H	- strand	-	0.358	7.737	1	16	20	16	23	G	A	-
34	Target-AID	CGG	R	2.0	CAG	C	T	Q	- strand	-	0.314	12.424	1	16	20	16	23	G	A	-
37	Target-AID	CGT	R	2.0	CAT	C	T	H	- strand	-	0.642	13.87	1	16	20	16	23	G	A	-
52	Target-AID	GCA	A	2.0	GTA	C	T	V	+ strand	+	0.217	12.063	1	16	20	16	23	C	T	+
55	Target-AID	GCC	A	2.0	GTC	C	T	V	+ strand	+	0.202	11.233	1	16	20	16	23	C	T	+
56	Target-AID	GCG	A	2.0	GTG	C	T	V	+ strand	+	0.193	10.723	1	16	20	16	23	C	T	+
59	Target-AID	GCT	A	2.0	GTT	C	T	V	+ strand	+	0.387	21.479	1	16	20	16	23	C	T	+
62	Target-AID	GGA	G	2.0	GAA	C	T	E	- strand	-	0.701	45.837	1	16	20	16	23	G	A	-
63	Target-AID	GGC	G	2.0	GAC	C	T	D	- strand	-	0.349	20.388	1	16	20	16	23	G	A	-
67	Target-AID	GGG	G	2.0	GAG	C	T	E	- strand	-	0.299	19.573	1	16	20	16	23	G	A	-
69	Target-AID	GGT	G	2.0	GAT	C	T	D	- strand	-	0.6509999999999999	38.111	1	16	20	16	23	G	A	-
78	Target-AID	TCA	S	2.0	TTA	C	T	L	+ strand	+	0.278	26.329	1	16	20	16	23	C	T	+
80	Target-AID	TCC	S	2.0	TTC	C	T	F	+ strand	+	0.406	17.878	1	16	20	16	23	C	T	+
82	Target-AID	TCG	S	2.0	TTG	C	T	L	+ strand	+	0.28	26.517	1	16	20	16	23	C	T	+
83	Target-AID	TCT	S	2.0	TTT	C	T	F	+ strand	+	0.594	26.173	1	16	20	16	23	C	T	+
84	Target-AID	TGC	C	2.0	TAC	C	T	Y	- strand	-	0.434	14.595	1	16	20	16	23	G	A	-
86	Target-AID	TGT	C	2.0	TAT	C	T	Y	- strand	-	0.5660000000000001	19.041	1	16	20	16	23	G	A	-
