	method	codon	amino acid	position of mutation in codon	codon mutation	nucleotide	nucleotide mutation	amino acid mutation	mutation on strand	strand: mutation	codon mutation usage Fraction	codon mutation usage Frequency	nucleotide mutation: count	distance of mutation from PAM: minimum	distance of mutation from PAM: maximum	distance of codon start from PAM: minimum	distance of codon start from PAM: maximum	nucleotide: wild-type	nucleotide: mutation
0	Target-AID	AAC	N	3.0	AAT	C	T	N	+ strand	+	0.596	36.603	1	16	20	16	23	C	T
1	Target-AID	AAG	K	3.0	AAA	C	T	K	- strand	-	0.584	42.797	1	16	20	16	23	G	A
2	Target-AID	ACA	T	2.0	ATA	C	T	I	+ strand	+	0.28	18.279	1	16	20	16	23	C	T
3	Target-AID	ACC	T	3.0	ACT	C	T	T	+ strand	+	0.34299999999999997	20.237000000000002	1	16	20	16	23	C	T
4	Target-AID	ACC	T	2.0	ATC	C	T	I	+ strand	+	0.26	16.983	1	16	20	16	23	C	T
5	Target-AID	ACG	T	3.0	ACA	C	T	T	- strand	-	0.308	18.167	1	16	20	16	23	G	A
6	Target-AID	ACG	T	2.0	ATG	C	T	M	+ strand	+	1.0	20.671	1	16	20	16	23	C	T
7	Target-AID	ACT	T	2.0	ATT	C	T	I	+ strand	+	0.46	30.095	1	16	20	16	23	C	T
8	Target-AID	AGA	R	2.0	AAA	C	T	K	- strand	-	0.584	42.797	1	16	20	16	23	G	A
9	Target-AID	AGC	S	2.0	AAC	C	T	N	- strand	-	0.40399999999999997	24.79	1	16	20	16	23	G	A
10	Target-AID	AGC	S	3.0	AGT	C	T	S	+ strand	+	0.163	14.6	1	16	20	16	23	C	T
11	Target-AID	AGG	R	3.0	AGA	C	T	R	- strand	-	0.475	21.043000000000003	1	16	20	16	23	G	A
12	Target-AID	AGG	R	2.0	AAG	C	T	K	- strand	-	0.41600000000000004	30.533	1	16	20	16	23	G	A
13	Target-AID	AGT	S	2.0	AAT	C	T	N	- strand	-	0.596	36.603	1	16	20	16	23	G	A
14	Target-AID	ATC	I	3.0	ATT	C	T	I	+ strand	+	0.46	30.095	1	16	20	16	23	C	T
15	Target-AID	ATG	M	3.0	ATA	C	T	I	- strand	-	0.28	18.279	1	16	20	16	23	G	A
16	Target-AID	CAA	Q	1.0	TAA	C	T	*	+ strand	+	0.473	0.953	1	16	20	16	23	C	T
17	Target-AID	CAC	H	1.0	TAC	C	T	Y	+ strand	+	0.434	14.595	1	16	20	16	23	C	T
18	Target-AID	CAC	H	3.0	CAT	C	T	H	+ strand	+	0.642	13.87	1	16	20	16	23	C	T
19	Target-AID	CAG	Q	1.0	TAG	C	T	*	+ strand	+	0.23	0.46299999999999997	1	16	20	16	23	C	T
20	Target-AID	CAG	Q	3.0	CAA	C	T	Q	- strand	-	0.6859999999999999	27.103	1	16	20	16	23	G	A
21	Target-AID	CAT	H	1.0	TAT	C	T	Y	+ strand	+	0.5660000000000001	19.041	1	16	20	16	23	C	T
22	Target-AID	CCA	P	2.0	CTA	C	T	L	+ strand	+	0.14300000000000002	13.519	1	16	20	16	23	C	T
23	Target-AID	CCA	P	1.0	TCA	C	T	S	+ strand	+	0.212	19.04	1	16	20	16	23	C	T
24	Target-AID	CCC	P	2.0	CTC	C	T	L	+ strand	+	0.057999999999999996	5.521	1	16	20	16	23	C	T
25	Target-AID	CCC	P	3.0	CCT	C	T	P	+ strand	+	0.311	13.569	1	16	20	16	23	C	T
26	Target-AID	CCC	P	1.0	TCC	C	T	S	+ strand	+	0.157	14.065	1	16	20	16	23	C	T
27	Target-AID	CCG	P	3.0	CCA	C	T	P	- strand	-	0.408	17.809	1	16	20	16	23	G	A
28	Target-AID	CCG	P	2.0	CTG	C	T	L	+ strand	+	0.11199999999999999	10.658	1	16	20	16	23	C	T
29	Target-AID	CCG	P	1.0	TCG	C	T	S	+ strand	+	0.09699999999999999	8.71	1	16	20	16	23	C	T
30	Target-AID	CCT	P	1.0	TCT	C	T	S	+ strand	+	0.26	23.36	1	16	20	16	23	C	T
31	Target-AID	CCT	P	2.0	CTT	C	T	L	+ strand	+	0.129	12.257	1	16	20	16	23	C	T
32	Target-AID	CGA	R	2.0	CAA	C	T	Q	- strand	-	0.6859999999999999	27.103	1	16	20	16	23	G	A
33	Target-AID	CGA	R	1.0	TGA	C	T	*	+ strand	+	0.297	0.598	1	16	20	16	23	C	T
34	Target-AID	CGC	R	2.0	CAC	C	T	H	- strand	-	0.358	7.737	1	16	20	16	23	G	A
35	Target-AID	CGC	R	1.0	TGC	C	T	C	+ strand	+	0.377	4.737	1	16	20	16	23	C	T
36	Target-AID	CGC	R	3.0	CGT	C	T	R	+ strand	+	0.141	6.263	1	16	20	16	23	C	T
37	Target-AID	CGG	R	2.0	CAG	C	T	Q	- strand	-	0.314	12.424000000000001	1	16	20	16	23	G	A
38	Target-AID	CGG	R	3.0	CGA	C	T	R	- strand	-	0.07	3.102	1	16	20	16	23	G	A
39	Target-AID	CGG	R	1.0	TGG	C	T	W	+ strand	+	1.0	10.356	1	16	20	16	23	C	T
40	Target-AID	CGT	R	2.0	CAT	C	T	H	- strand	-	0.642	13.87	1	16	20	16	23	G	A
41	Target-AID	CGT	R	1.0	TGT	C	T	C	+ strand	+	0.623	7.817	1	16	20	16	23	C	T
42	Target-AID	CTA	L	1.0	TTA	C	T	L	+ strand	+	0.278	26.329	1	16	20	16	23	C	T
43	Target-AID	CTC	L	1.0	TTC	C	T	F	+ strand	+	0.406	17.878	1	16	20	16	23	C	T
44	Target-AID	CTC	L	3.0	CTT	C	T	L	+ strand	+	0.129	12.257	1	16	20	16	23	C	T
45	Target-AID	CTG	L	1.0	TTG	C	T	L	+ strand	+	0.28	26.517	1	16	20	16	23	C	T
46	Target-AID	CTG	L	3.0	CTA	C	T	L	- strand	-	0.14300000000000002	13.519	1	16	20	16	23	G	A
47	Target-AID	CTT	L	1.0	TTT	C	T	F	+ strand	+	0.594	26.173000000000002	1	16	20	16	23	C	T
48	Target-AID	GAA	E	1.0	AAA	C	T	K	- strand	-	0.584	42.797	1	16	20	16	23	G	A
49	Target-AID	GAC	D	3.0	GAT	C	T	D	+ strand	+	0.6509999999999999	38.111	1	16	20	16	23	C	T
50	Target-AID	GAC	D	1.0	AAC	C	T	N	- strand	-	0.40399999999999997	24.79	1	16	20	16	23	G	A
51	Target-AID	GAG	E	3.0	GAA	C	T	E	- strand	-	0.701	45.836999999999996	1	16	20	16	23	G	A
52	Target-AID	GAG	E	1.0	AAG	C	T	K	- strand	-	0.41600000000000004	30.533	1	16	20	16	23	G	A
53	Target-AID	GAT	D	1.0	AAT	C	T	N	- strand	-	0.596	36.603	1	16	20	16	23	G	A
54	Target-AID	GCA	A	1.0	ACA	C	T	T	- strand	-	0.308	18.167	1	16	20	16	23	G	A
55	Target-AID	GCA	A	2.0	GTA	C	T	V	+ strand	+	0.217	12.062999999999999	1	16	20	16	23	C	T
56	Target-AID	GCC	A	1.0	ACC	C	T	T	- strand	-	0.21100000000000002	12.482000000000001	1	16	20	16	23	G	A
57	Target-AID	GCC	A	3.0	GCT	C	T	A	+ strand	+	0.37	20.293	1	16	20	16	23	C	T
58	Target-AID	GCC	A	2.0	GTC	C	T	V	+ strand	+	0.20199999999999999	11.232999999999999	1	16	20	16	23	C	T
59	Target-AID	GCG	A	2.0	GTG	C	T	V	+ strand	+	0.193	10.722999999999999	1	16	20	16	23	C	T
60	Target-AID	GCG	A	3.0	GCA	C	T	A	- strand	-	0.29600000000000004	16.27	1	16	20	16	23	G	A
61	Target-AID	GCG	A	1.0	ACG	C	T	T	- strand	-	0.138	8.152000000000001	1	16	20	16	23	G	A
62	Target-AID	GCT	A	2.0	GTT	C	T	V	+ strand	+	0.387	21.479	1	16	20	16	23	C	T
63	Target-AID	GCT	A	1.0	ACT	C	T	T	- strand	-	0.34299999999999997	20.237000000000002	1	16	20	16	23	G	A
64	Target-AID	GGA	G	1.0	AGA	C	T	R	- strand	-	0.475	21.043000000000003	1	16	20	16	23	G	A
65	Target-AID	GGA	G	2.0	GAA	C	T	E	- strand	-	0.701	45.836999999999996	1	16	20	16	23	G	A
66	Target-AID	GGC	G	2.0	GAC	C	T	D	- strand	-	0.349	20.387999999999998	1	16	20	16	23	G	A
67	Target-AID	GGC	G	3.0	GGT	C	T	G	+ strand	+	0.455	22.607	1	16	20	16	23	C	T
68	Target-AID	GGC	G	1.0	AGC	C	T	S	- strand	-	0.111	9.959	1	16	20	16	23	G	A
69	Target-AID	GGG	G	3.0	GGA	C	T	G	- strand	-	0.225	11.187000000000001	1	16	20	16	23	G	A
70	Target-AID	GGG	G	2.0	GAG	C	T	E	- strand	-	0.299	19.573	1	16	20	16	23	G	A
71	Target-AID	GGG	G	1.0	AGG	C	T	R	- strand	-	0.213	9.458	1	16	20	16	23	G	A
72	Target-AID	GGT	G	2.0	GAT	C	T	D	- strand	-	0.6509999999999999	38.111	1	16	20	16	23	G	A
73	Target-AID	GGT	G	1.0	AGT	C	T	S	- strand	-	0.163	14.6	1	16	20	16	23	G	A
74	Target-AID	GTA	V	1.0	ATA	C	T	I	- strand	-	0.28	18.279	1	16	20	16	23	G	A
75	Target-AID	GTC	V	1.0	ATC	C	T	I	- strand	-	0.26	16.983	1	16	20	16	23	G	A
76	Target-AID	GTC	V	3.0	GTT	C	T	V	+ strand	+	0.387	21.479	1	16	20	16	23	C	T
77	Target-AID	GTG	V	1.0	ATG	C	T	M	- strand	-	1.0	20.671	1	16	20	16	23	G	A
78	Target-AID	GTG	V	3.0	GTA	C	T	V	- strand	-	0.217	12.062999999999999	1	16	20	16	23	G	A
79	Target-AID	GTT	V	1.0	ATT	C	T	I	- strand	-	0.46	30.095	1	16	20	16	23	G	A
80	Target-AID	TAC	Y	3.0	TAT	C	T	Y	+ strand	+	0.5660000000000001	19.041	1	16	20	16	23	C	T
81	Target-AID	TAG	*	3.0	TAA	C	T	*	- strand	-	0.473	0.953	1	16	20	16	23	G	A
82	Target-AID	TCA	S	2.0	TTA	C	T	L	+ strand	+	0.278	26.329	1	16	20	16	23	C	T
83	Target-AID	TCC	S	3.0	TCT	C	T	S	+ strand	+	0.26	23.36	1	16	20	16	23	C	T
84	Target-AID	TCC	S	2.0	TTC	C	T	F	+ strand	+	0.406	17.878	1	16	20	16	23	C	T
85	Target-AID	TCG	S	3.0	TCA	C	T	S	- strand	-	0.212	19.04	1	16	20	16	23	G	A
86	Target-AID	TCG	S	2.0	TTG	C	T	L	+ strand	+	0.28	26.517	1	16	20	16	23	C	T
87	Target-AID	TCT	S	2.0	TTT	C	T	F	+ strand	+	0.594	26.173000000000002	1	16	20	16	23	C	T
88	Target-AID	TGA	*	2.0	TAA	C	T	*	- strand	-	0.473	0.953	1	16	20	16	23	G	A
89	Target-AID	TGC	C	2.0	TAC	C	T	Y	- strand	-	0.434	14.595	1	16	20	16	23	G	A
90	Target-AID	TGC	C	3.0	TGT	C	T	C	+ strand	+	0.623	7.817	1	16	20	16	23	C	T
91	Target-AID	TGG	W	2.0	TAG	C	T	*	- strand	-	0.23	0.46299999999999997	1	16	20	16	23	G	A
92	Target-AID	TGG	W	3.0	TGA	C	T	*	- strand	-	0.297	0.598	1	16	20	16	23	G	A
93	Target-AID	TGT	C	2.0	TAT	C	T	Y	- strand	-	0.5660000000000001	19.041	1	16	20	16	23	G	A
94	Target-AID	TTC	F	3.0	TTT	C	T	F	+ strand	+	0.594	26.173000000000002	1	16	20	16	23	C	T
95	Target-AID	TTG	L	3.0	TTA	C	T	L	- strand	-	0.278	26.329	1	16	20	16	23	G	A
